{
  "train_micro_batch_size_per_gpu": 32,
  "gradient_accumulation_steps": 1,
  "steps_per_print": 100,
  "gradient_clipping": 1.0,
  "fp16": {
    "enabled": true,
    "loss_scale": 0,
    "loss_scale_window": 1000,
    "hysteresis": 2,
    "min_loss_scale": 1
  },
  "optimizer": {
    "type": "Adam",
    "params": {
      "lr": 0.0004,
      "weight_decay": 0.01,
      "betas": [
        0.9,
        0.98
      ],
      "eps": 1e-6
    }
  },
  "activation_checkpointing": {
    "partition_activations": false,
    "contiguous_memory_optimization": false
  },
  "wall_clock_breakdown": false
}