{
  "train_micro_batch_size_per_gpu": 1,
  "gradient_accumulation_steps": 8,
  "steps_per_print": 50,
  "gradient_clipping": 1.0,
  "zero_optimization": {
    "stage": 2,
    "contiguous_gradients": false,
    "overlap_comm": true,
    "reduce_scatter": true,
    "reduce_bucket_size": 5e7,
    "allgather_bucket_size": 5e7,
    "cpu_offload": true
  },
  "zero_allow_untested_optimizer": true,
  "fp16": {
    "enabled": true,
    "loss_scale": 0,
    "loss_scale_window": 1000,
    "hysteresis": 2,
    "min_loss_scale": 1
  },
  "optimizer": {
    "type": "Adam",
    "params": {
      "lr": 5e-6,
      "betas": [
        0.9,
        0.95
      ],
      "eps": 1e-8,
      "weight_decay": 1e-2
    }
  },
  "activation_checkpointing": {
    "partition_activations": false,
    "contiguous_memory_optimization": false
  },
  "wall_clock_breakdown": false
}